id,first_name,second_name,team,now_cost,total_points,form,minutes,goals_scored,assists,clean_sheets,selected_by_percent
328,Mohamed,Salah,12,13.7,306,15.0,2570,27,17,12,69.7
182,Cole,Palmer,6,10.8,181,0.5,2442,14,8,6,49.6
99,Bryan,Mbeumo,4,8.1,179,4.0,2605,15,6,6,41.1
447,Chris,Wood,16,7.3,174,2.0,2343,18,3,14,46.9
351,Erling,Haaland,13,14.8,171,4.5,2480,21,3,7,31.1
401,Alexander,Isak,15,9.3,169,2.0,2053,19,5,8,53.4
366,Bruno,Borges Fernandes,14,8.6,152,13.0,2375,8,11,8,19.8
71,Justin,Kluivert,3,6.3,147,3.5,1934,12,6,10,35.7
58,Ollie,Watkins,2,8.9,147,9.0,2052,13,6,7,17.8
541,Matheus,Santos Carneiro Da Cunha,20,6.9,143,0.0,2143,13,4,5,7.0
327,Luis,Díaz,12,7.5,138,6.0,1845,9,6,13,15.4
311,Trent,Alexander-Arnold,12,7.3,135,2.0,2144,2,6,12,25.1
110,Yoane,Wissa,4,6.6,132,5.0,2111,13,3,6,17.1
443,Matz,Sels,16,5.1,125,4.5,2610,0,1,12,18.8
514,Jarrod,Bowen,19,7.6,125,3.5,2187,7,8,6,10.0
207,Jean-Philippe,Mateta,7,7.5,123,0.0,2129,12,2,7,5.9
503,Son,Heung-min,18,9.7,123,3.5,1855,7,10,4,5.5
422,Ola,Aina,16,5.4,122,3.5,2531,2,1,12,29.4
247,Alex,Iwobi,9,5.6,120,4.0,2360,7,4,6,4.7
573,Nikola,Milenković,16,4.9,120,8.5,2520,4,2,12,10.2
252,Raúl,Jiménez,9,5.5,118,5.0,1830,10,3,7,7.3
433,Morgan,Gibbs-White,16,6.6,118,5.0,2019,5,10,11,8.0
136,Mitoma,Kaoru,5,6.5,118,1.5,2312,7,4,6,9.7
494,James,Maddison,18,7.4,118,0.5,1514,9,6,5,4.7
432,Anthony,Elanga,16,5.3,118,9.5,1841,5,8,11,6.8
15,David,Raya Martin,1,5.5,117,4.5,2610,0,0,11,26.4
235,Jordan,Pickford,8,5.1,116,2.5,2610,0,1,9,18.2
3,Gabriel,dos Santos Magalhães,1,6.4,116,3.5,2348,3,2,10,30.7
18,William,Saliba,1,6.2,114,5.5,2364,2,0,11,23.0
54,Morgan,Rogers,2,5.5,113,3.0,2337,7,5,5,16.2
585,Ismaïla,Sarr,7,5.6,113,11.0,1927,7,4,8,4.9
398,Anthony,Gordon,15,7.4,113,0.0,2107,6,6,9,8.4
211,Daniel,Muñoz,7,5.1,112,6.0,2344,3,5,9,16.2
78,Antoine,Semenyo,3,5.7,111,1.0,2465,7,5,7,9.0
129,João Pedro,Junqueira de Jesus,5,5.6,111,5.0,1698,8,6,6,15.1
336,Dominik,Szoboszlai,12,6.4,111,1.0,1948,5,7,10,3.9
492,Dejan,Kulusevski,18,6.2,110,0.0,2152,7,4,6,2.9
89,Mikkel,Damsgaard,4,5.1,108,2.0,2217,2,9,8,1.8
491,Brennan,Johnson,18,6.2,108,1.0,1759,9,4,2,2.3
339,Virgil,van Dijk,12,6.4,108,2.0,2610,1,1,12,21.9
180,Nicolas,Jackson,6,7.7,108,0.0,1735,9,6,8,6.2
268,Liam,Delap,10,5.6,108,2.0,2172,10,2,3,3.4
364,Amad,Diallo,14,5.3,107,0.0,1591,6,7,6,4.6
17,Bukayo,Saka,1,10.2,107,0.0,1268,5,11,6,8.6
350,Joško,Gvardiol,13,6.0,106,1.5,2468,5,0,7,22.7
201,Dean,Henderson,7,4.6,106,10.0,2520,0,0,9,13.5
70,Milos,Kerkez,3,5.2,105,4.0,2537,2,6,6,18.8
106,Kevin,Schade,4,5.1,104,2.0,1562,7,4,7,1.2
394,Bruno,Guimarães Rodriguez Moura,15,6.1,103,11.0,2424,3,6,9,2.2
436,Murillo,Santiago Costa dos Santos,16,4.7,102,4.5,2478,1,0,11,3.7
399,Lewis,Hall,15,4.8,102,0.0,2188,0,7,8,9.1
530,Tomáš,Souček,19,4.9,101,6.0,2081,7,2,6,1.6
6,Jurriën,Timber,1,5.6,101,7.0,2199,1,2,10,5.1
200,Marc,Guéhi,7,4.7,101,5.0,2430,3,2,9,8.7
402,Jacob,Murphy,15,5.0,101,3.0,1676,5,8,7,3.7
383,André,Onana,14,4.9,101,5.0,2610,0,0,8,5.8
177,Noni,Madueke,6,6.0,100,0.0,1449,7,4,3,3.1
306,Jamie,Vardy,11,5.3,100,2.0,2226,7,4,1,4.8
23,Leandro,Trossard,1,6.8,100,2.0,1899,4,6,9,3.1
566,Jørgen,Strand Larsen,20,5.3,100,7.0,2067,9,2,4,2.6
74,Dango,Ouattara,3,5.1,99,1.0,1510,7,4,5,4.0
348,Phil,Foden,13,9.2,99,2.0,1625,7,3,5,6.1
255,Antonee,Robinson,9,5.0,98,3.5,2538,0,10,5,22.7
210,Tyrick,Mitchell,7,4.8,97,6.0,2399,0,4,10,2.1
91,Mark,Flekken,4,4.4,96,3.0,2465,0,1,4,9.9
321,Cody,Gakpo,12,7.4,96,0.0,1400,8,4,5,6.7
4,Kai,Havertz,1,7.7,96,0.0,1839,9,3,7,5.9
19,Emile,Smith Rowe,9,5.1,95,2.5,1722,5,2,7,8.2
236,James,Tarkowski,8,4.9,95,2.0,2601,1,1,9,3.6
618,Georginio,Rutter,5,5.1,95,3.5,1651,5,6,6,0.6
434,Callum,Hudson-Odoi,16,5.3,95,6.5,1893,5,3,11,2.2
248,Bernd,Leno,9,5.0,94,7.0,2610,0,2,5,2.6
495,Pedro,Porro,18,5.3,93,0.5,2277,2,5,6,19.3
163,Marc,Cucurella Saseta,6,5.2,93,8.5,2255,4,2,5,9.5
168,Enzo,Fernández,6,4.7,93,4.0,2136,4,6,5,4.1
9,Gabriel,Martinelli Silva,1,6.5,93,2.0,1562,6,3,8,2.0
650,Maxence,Lacroix,7,4.5,93,6.0,2245,1,2,9,1.0
148,Danny,Welbeck,5,5.5,92,1.0,1482,7,4,6,5.9
571,Sávio 'Savinho',Moreira de Oliveira,13,6.2,91,1.5,1561,1,10,6,2.7
88,Nathan,Collins,4,4.5,90,1.5,2610,2,5,5,3.0
310,Alisson,Ramses Becker,12,5.6,90,3.0,1878,0,0,9,9.7
617,Francisco Evanilson,de Lima Barbosa,3,5.7,89,5.0,1541,6,4,8,3.4
16,Declan,Rice,1,6.2,89,6.5,2154,2,5,9,2.9
388,Aaron,Wan-Bissaka,19,4.5,88,2.0,2434,2,3,5,6.6
82,Dominic,Solanke-Mitchell,18,7.3,87,2.0,1778,7,5,3,4.7
329,Alexis,Mac Allister,12,6.2,87,1.0,2110,3,4,12,1.7
185,Robert,Sánchez,6,4.5,86,6.0,2070,0,0,5,6.7
199,Eberechi,Eze,7,6.7,86,3.0,1925,2,6,8,8.1
57,Youri,Tielemans,2,5.5,85,3.0,2491,2,4,4,1.2
20,Thomas,Partey,1,4.9,85,2.0,2185,3,3,7,0.8
231,Vitalii,Mykolenko,8,4.4,85,2.0,2362,0,2,8,8.5
437,Neco,Williams,16,4.4,84,3.5,1778,1,1,9,3.1
369,Diogo,Dalot Teixeira,14,5.0,83,6.5,2486,0,3,7,5.6
423,Elliot,Anderson,16,5.0,83,4.0,1978,1,6,11,0.3
326,Ibrahima,Konaté,12,5.2,82,2.0,1894,1,2,9,7.1
146,Bart,Verbruggen,5,4.5,82,1.0,2430,0,1,6,2.9
232,Iliman,Ndiaye,8,5.2,81,0.0,1874,6,0,11,0.9
238,Ashley,Young,8,4.4,80,0.5,1551,1,4,7,1.9
354,Mateo,Kovačić,13,5.4,80,0.5,1677,4,2,7,1.2
533,Rayan,Aït-Nouri,20,4.8,80,2.0,2384,3,5,4,9.5
403,Joelinton Cássio,Apolinário de Lira,15,6.0,79,3.0,2005,4,1,8,1.1
372,Alejandro,Garnacho,14,5.9,78,6.5,1633,4,3,4,4.9
274,Omari,Giraud-Hutchinson,10,5.2,77,1.5,2225,3,2,3,0.3
144,Jan Paul,van Hecke,5,4.5,77,5.0,2330,1,1,6,1.2
345,Kevin,De Bruyne,13,9.3,76,1.0,1095,2,8,5,3.8
335,Andrew,Robertson,12,5.8,76,1.0,2014,0,0,9,4.0
342,Bernardo,Veiga de Carvalho e Silva,13,6.1,76,1.5,2037,2,4,4,2.6
135,Yankuba,Minteh,5,5.1,76,2.0,1257,5,4,3,1.8
13,Martin,Ødegaard,1,8.2,76,4.0,1724,2,4,9,5.2
98,Keane,Lewis-Potter,4,5.0,75,2.0,2367,1,4,6,0.1
36,Lucas,Digne,2,4.5,75,6.0,2059,0,5,4,6.3
347,Ederson,Santana de Moraes,13,5.3,75,1.5,1710,0,3,5,5.1
63,Ryan,Christie,3,4.9,75,2.0,2057,2,3,8,0.2
385,Marcus,Rashford,2,6.6,74,1.0,1175,4,4,5,4.8
535,Jean-Ricner,Bellegarde,20,4.9,74,8.0,1278,2,6,5,0.4
525,Mohammed,Kudus,19,6.2,74,2.0,1995,3,2,5,2.5
392,Harvey,Barnes,15,5.9,73,6.0,893,5,2,2,1.0
157,Moisés,Caicedo Corozo,6,4.9,73,3.0,2541,1,3,7,1.0
47,Emiliano,Martínez Romero,2,5.0,73,0.0,2430,0,0,3,11.0
251,Rodrigo,Muniz Carvalho,9,5.5,73,4.0,799,6,1,2,1.5
239,Adama,Traoré,9,4.6,73,0.5,1396,2,5,3,1.5
101,Christian,Nørgaard,4,4.8,73,6.0,2010,4,2,3,0.2
395,Dan,Burn,15,4.4,73,5.0,2430,0,0,9,6.7
317,Diogo,Teixeira da Silva,12,7.2,72,1.0,835,5,4,6,2.6
162,Levi,Colwill,6,4.4,72,3.5,2430,1,1,6,3.5
152,Kepa,Arrizabalaga,3,4.6,72,1.0,1980,0,0,5,3.2
83,Marcus,Tavernier,3,5.4,72,4.0,1500,3,6,3,0.4
594,Noussair,Mazraoui,14,4.3,72,4.0,2216,0,1,6,8.4
323,Ryan,Gravenberch,12,5.0,71,2.0,2471,0,2,12,0.7
580,Dean,Huijsen,3,4.5,71,0.5,1690,2,0,5,4.7
553,João Victor,Gomes da Silva,20,4.9,70,2.0,2249,3,1,3,0.3
240,Andreas,Hoelgebaum Pereira,9,4.9,70,4.0,1570,2,6,5,0.9
222,Idrissa,Gueye,8,4.8,70,4.5,2266,0,3,8,0.3
324,Curtis,Jones,12,5.3,70,1.0,1159,3,5,4,0.3
560,Pedro,Lomba Neto,6,6.3,69,2.0,1524,3,4,4,2.2
527,Lucas,Tolentino Coelho de Lima,19,5.7,69,1.5,1803,4,1,4,0.9
386,Jadon,Sancho,6,6.2,68,2.5,1424,2,5,4,1.0
64,Lewis,Cook,3,5.0,68,2.0,2391,1,3,4,0.2
633,Mikel,Merino,1,6.0,68,5.5,1140,5,1,4,0.9
94,Vitaly,Janelt,4,4.9,68,1.0,2098,1,3,6,0.2
380,Lisandro,Martínez,14,4.3,68,0.0,1751,2,1,6,2.4
744,Arne,Slot,12,1.5,67,9.0,0,0,0,0,24.7
452,Joe,Aribo,17,4.9,67,1.5,1821,3,0,1,0.1
219,Jarrad,Branthwaite,8,4.8,67,2.0,1806,0,1,7,1.6
217,Abdoulaye,Doucouré,8,5.1,67,2.0,1980,2,1,9,0.5
346,Jérémy,Doku,13,6.2,67,1.5,1156,3,4,5,1.5
159,Trevoh,Chalobah,6,4.4,67,0.5,1355,3,1,3,0.7
241,Calvin,Bassey,9,4.5,67,3.5,2444,1,0,5,0.6
415,Fabian,Schär,15,5.4,66,6.0,2052,2,0,7,1.5
593,Matthijs,de Ligt,14,4.8,66,4.0,1995,2,0,4,3.4
554,José,Malheiro de Sá,20,4.4,66,2.5,1980,0,0,5,3.2
742,David,Moyes,8,0.5,66,4.0,0,0,0,0,9.7
524,Max,Kilman,19,4.3,66,2.0,2538,0,1,5,1.3
230,Dwight,McNeil,8,5.1,65,0.0,1140,3,5,4,1.2
409,Tino,Livramento,15,4.5,65,7.0,1935,0,0,6,1.9
85,Illia,Zabarnyi,3,4.4,65,0.5,2364,0,0,6,0.5
117,Facundo,Buonanotte,11,4.6,63,1.0,1312,4,2,2,0.5
259,Harry,Wilson,9,5.2,63,0.0,829,5,2,2,0.2
218,Norberto Bercique,Gomes Betuncal,8,5.1,62,2.0,920,6,0,2,7.3
623,Mateus Gonçalo,Espanha Fernandes,17,5.0,61,1.5,2142,1,2,4,0.1
520,Emerson,Palmieri dos Santos,19,4.4,61,1.0,1789,2,1,4,0.6
115,Carlos,Baleba,5,5.0,61,1.5,1948,2,1,7,0.2
741,Oliver,Glasner,7,0.8,61,9.0,0,0,0,0,11.4
316,Darwin,Núñez Ribeiro,12,7.0,60,10.0,957,5,3,2,2.0
499,Pape Matar,Sarr,18,4.7,60,5.0,1386,3,2,2,0.2
298,Stephy,Mavididi,11,5.0,60,1.0,1387,3,1,1,0.3
389,Joshua,Zirkzee,14,6.5,60,1.5,1235,3,2,3,1.8
220,Dominic,Calvert-Lewin,8,5.4,59,0.0,1571,3,2,8,1.1
44,Ezri,Konsa Ngoyo,2,4.4,59,7.0,2171,1,0,3,5.0
559,Nélson,Cabral Semedo,20,4.5,59,2.0,2148,0,4,5,0.7
192,Jordan,Ayew,11,5.1,58,0.5,1312,4,0,2,0.2
224,Jack,Harrison,8,5.2,58,6.0,1498,1,2,4,0.2
145,Joël,Veltman,5,4.3,58,0.0,1642,0,0,6,1.3
181,Christopher,Nkunku,6,5.7,58,2.5,856,3,2,2,2.7
635,Bilal,El Khannouss,11,4.8,57,1.5,1522,2,1,1,0.2
375,Rasmus,Højlund,14,6.9,57,4.0,1429,3,1,3,1.1
14,Aaron,Ramsdale,17,4.4,57,1.5,1890,0,0,2,1.2
417,Sandro,Tonali,15,5.5,56,3.0,1725,1,1,7,0.5
413,Nick,Pope,15,4.9,56,6.0,1620,0,0,4,3.5
355,Rico,Lewis,13,4.3,56,1.0,1699,1,2,4,4.1
508,Guglielmo,Vicario,18,4.8,56,2.0,1530,0,0,4,1.8
608,Tyler,Dibling,17,4.4,56,3.5,1533,2,2,2,1.6
548,Gonçalo Manuel,Ganchinho Guedes,20,5.3,55,1.0,756,2,4,3,0.1
753,Marco Alexandre,Saraiva da Silva,9,1.1,55,5.5,0,0,0,0,0.6
625,Ilkay,Gündogan,13,6.3,55,3.5,1528,0,3,4,0.4
739,Fabian,Hürzeler,5,1.1,54,6.5,0,0,0,0,2.5
293,Mads,Hermansen,11,4.4,54,5.5,1935,0,0,1,0.4
611,Sam,Szmodics,10,5.7,53,0.0,976,4,0,2,0.2
543,Matt,Doherty,20,4.3,53,2.0,1607,2,1,4,0.4
48,John,McGinn,2,5.2,53,2.0,1775,0,3,4,0.6
203,Will,Hughes,7,4.9,53,0.0,1636,0,4,7,0.0
194,Chris,Richards,7,4.4,53,6.0,1336,0,1,6,0.3
38,Jhon,Durán,2,5.7,53,0.0,622,7,0,2,1.7
567,Toti António,Gomes,20,4.3,53,2.0,1803,0,1,5,0.2
449,Ryan,Yates,16,4.8,53,0.5,1537,2,1,5,0.1
751,Vítor Manuel,de Oliveira Lopes Pereira,20,0.8,53,6.0,0,0,0,0,4.8
53,Jacob,Ramsey,2,5.4,52,6.0,1245,1,3,2,0.4
278,Sam,Morsy,10,4.8,51,0.0,1977,1,1,2,0.1
122,Pervis,Estupiñán,5,4.9,51,4.5,1689,1,1,2,0.9
267,Leif,Davis,10,4.3,51,1.0,2461,1,2,2,1.2
187,Tosin,Adarabioyo,6,4.2,50,4.0,1086,1,1,4,0.5
126,Jack,Hinshelwood,5,4.9,50,3.5,1252,2,1,5,0.1
568,Arijanet,Muric,10,4.4,49,0.0,1620,0,0,1,0.6
735,Mikel,Arteta,1,1.5,48,6.5,0,0,0,0,3.7
295,James,Justin,11,4.1,48,1.5,2274,2,1,1,1.2
557,Mario,Lemina,20,4.8,47,0.0,1363,1,3,1,0.1
455,Jan,Bednarek,17,4.0,47,0.5,1901,2,0,2,2.4
600,Yasin,Ayari,5,5.0,47,3.0,1437,0,1,6,0.0
12,Ethan,Nwaneri,1,4.6,46,1.0,595,3,1,2,4.2
28,Leon,Bailey,2,6.2,46,1.0,1131,1,2,2,0.8
104,Ethan,Pinnock,4,4.4,46,2.0,1830,2,0,2,0.3
27,Cameron,Archer,17,4.9,46,1.0,1166,2,0,1,1.3
300,Wilfred,Ndidi,11,4.9,46,1.5,1646,0,4,1,0.2
619,Jens,Cajuste,10,4.5,46,5.5,1435,1,0,1,0.1
453,Adam,Armstrong,17,5.1,45,0.0,1246,2,3,2,0.6
513,Alphonse,Areola,19,4.2,45,3.0,1539,0,0,3,4.6
356,Matheus Luiz,Nunes,13,4.9,45,1.0,1040,0,4,4,0.1
361,Rúben,Gato Alves Dias,13,5.4,44,1.5,1459,0,0,5,2.4
577,Jesper,Lindstrøm,8,5.0,44,3.0,1229,0,1,6,0.1
498,Cristian,Romero,18,4.9,44,4.5,1101,1,0,3,3.4
340,Manuel,Akanji,13,5.3,44,0.0,1707,0,0,4,2.2
482,Yves,Bissouma,18,4.8,44,0.5,1136,2,0,3,0.2
642,André,Trindade da Costa Neto,20,5.0,44,2.0,1747,0,0,4,0.0
396,Martin,Dúbravka,15,4.2,44,0.0,900,0,0,5,2.2
750,Graham,Potter,19,0.5,43,2.0,0,0,0,0,3.2
290,Bobby,De Cordova-Reid,11,5.2,43,0.5,628,1,4,0,0.1
505,Destiny,Udogie,18,4.8,43,1.0,1653,0,1,2,1.4
745,Ruben Filipe,Marques Diogo Amorim,14,0.8,43,10.0,0,0,0,0,4.6
747,Nuno Herlander,Simões Espírito Santo,16,1.1,43,9.5,0,0,0,0,6.2
476,Kyle,Walker-Peters,17,4.3,43,1.0,2378,0,2,2,0.3
631,Jack,Clarke,10,5.4,43,3.5,855,0,4,1,0.0
62,David,Brooks,3,4.9,43,1.0,722,2,1,2,0.0
461,Taylor,Harwood-Bellis,17,4.0,42,1.0,2119,1,0,2,5.5
504,Djed,Spence,18,4.4,42,1.0,1063,1,1,3,1.1
249,Saša,Lukić,9,4.8,42,0.0,1742,0,2,3,0.0
596,João Pedro,Ferreira Silva,16,5.9,42,3.0,708,2,2,1,0.1
2,Gabriel,Fernando de Jesus,1,6.5,42,0.0,600,3,2,2,1.1
512,Michail,Antonio,19,5.3,42,0.0,834,1,4,4,0.8
622,Sander,Berge,9,5.0,41,2.5,1643,0,0,4,0.0
191,Joachim,Andersen,9,4.2,41,3.0,1863,0,0,4,3.7
752,Thomas,Frank,4,0.8,41,4.0,0,0,0,0,0.8
60,Tyler,Adams,3,4.9,41,2.0,1239,0,3,3,0.1
32,Matty,Cash,2,4.4,41,0.0,1395,1,1,2,0.9
171,Malo,Gusto,6,4.9,41,0.5,1545,0,1,2,1.4
564,Santiago,Bueno,20,4.3,41,1.0,1520,0,0,4,0.1
480,Rodrigo,Bentancur,18,4.9,41,1.5,1243,2,0,3,0.1
244,Timothy,Castagne,9,4.2,41,3.5,1337,0,1,3,1.5
233,Amadou,Onana,2,4.8,41,0.0,1078,2,0,2,2.1
749,Ange,Postecoglou,18,1.1,40,5.0,0,0,0,0,2.5
131,Tariq,Lamptey,5,4.4,40,0.0,762,2,2,2,0.3
309,Harry,Winks,11,4.4,40,1.0,1536,0,2,0,5.3
29,Ross,Barkley,2,5.2,40,0.0,544,3,1,1,0.2
582,Jake,O'Brien,8,4.5,40,6.0,848,2,0,2,0.3
474,Sugawara,Yukinari,17,4.2,39,1.0,1432,1,1,2,0.2
654,Carlos,Soler,19,5.0,39,1.0,1088,1,1,2,0.0
113,Simon,Adingra,5,5.1,39,1.0,613,2,1,1,0.3
368,Carlos Henrique,Casimiro,14,4.7,39,1.5,1118,1,0,3,0.4
651,Orel,Mangala,8,5.0,39,0.0,1257,1,0,5,0.0
470,Paul,Onuachu,17,4.9,39,3.5,755,3,1,0,0.3
591,Jean-Clair,Todibo,19,4.2,38,1.5,1143,0,0,4,0.3
206,Jefferson,Lerma Solís,7,4.8,38,3.0,1538,0,0,5,0.0
338,Sepp,van den Berg,4,4.1,38,0.5,1774,0,1,2,1.8
420,Joe,Willock,15,4.7,38,1.0,801,0,2,3,0.1
120,Lewis,Dunk,5,4.2,38,0.0,1560,0,1,4,2.3
755,Omar,Marmoush,13,7.3,38,6.5,474,4,1,2,13.8
257,Kenny,Tete,9,4.4,37,0.0,1262,0,2,2,0.2
578,Riccardo,Calafiori,1,5.8,37,0.5,921,2,1,1,1.3
528,Konstantinos,Mavropanos,19,4.3,37,1.5,1656,0,0,2,0.1
325,Caoimhin,Kelleher,12,4.0,37,0.0,720,0,0,3,1.1
630,Dara,O'Shea,10,3.9,36,2.5,2312,0,1,2,1.4
105,Mads,Roerslev Rasmussen,4,4.3,36,0.0,1100,0,2,2,0.1
521,Łukasz,Fabiański,19,4.0,36,0.0,1070,0,0,2,14.5
736,Pep,Guardiola,13,1.5,36,2.5,0,0,0,0,8.4
737,Unai,Emery,2,0.8,36,9.0,0,0,0,0,1.6
431,Nicolás,Domínguez,16,4.8,36,2.5,1387,0,0,6,0.0
314,Fábio,Freitas Gouveia Carvalho,4,4.5,35,0.0,443,2,1,0,0.4
481,Lucas,Bergvall,18,4.4,35,2.5,924,0,2,2,1.1
518,Flynn,Downes,17,4.7,35,0.5,1520,1,0,2,0.0
291,Wout,Faes,11,3.9,35,1.5,2092,1,0,1,5.9
511,Edson,Álvarez Velázquez,19,5.0,35,1.0,1534,0,1,3,0.1
569,Jaden,Philogene,10,5.3,35,2.5,782,2,0,2,0.1
377,Harry,Maguire,14,4.9,35,0.0,1354,1,0,2,0.6
11,Eddie,Nketiah,7,5.9,35,2.0,698,1,2,2,1.0
418,Kieran,Trippier,15,5.6,34,8.0,688,0,0,3,3.5
550,Hwang,Hee-chan,20,6.1,34,0.5,625,2,1,0,0.3
652,Manuel,Ugarte,14,4.9,34,1.5,1321,1,0,3,0.1
509,Timo,Werner,18,6.2,34,0.0,504,0,3,1,0.1
653,Felipe,Rodrigues da Silva,16,4.5,34,0.5,616,0,0,3,0.1
81,Adam,Smith,3,4.4,34,0.0,1032,0,0,3,0.1
489,Archie,Gray,18,4.6,34,1.0,1245,0,0,2,0.2
462,Kamaldeen,Sulemana,17,5.0,33,2.0,734,1,1,0,0.0
265,Conor,Chaplin,10,5.1,33,0.0,605,1,2,1,0.1
228,Michael,Keane,8,3.8,33,0.0,812,2,0,2,4.0
587,Crysencio,Summerville,19,5.5,33,0.0,776,1,1,2,0.3
296,Victor,Kristiansen,11,4.4,32,1.5,2276,0,1,1,0.1
285,Boubakary,Soumaré,11,4.4,32,2.0,1559,0,0,0,0.3
52,Pau,Torres,2,4.2,32,0.0,1549,0,0,2,0.7
378,Kobbie,Mainoo,14,5.2,32,0.0,1282,0,0,5,1.7
65,Enes,Ünal,3,5.4,32,0.0,330,2,1,2,0.1
523,Danny,Ings,19,4.9,32,0.5,270,1,3,0,1.2
270,Jacob,Greaves,10,3.9,32,0.5,1665,1,0,2,4.1
337,Konstantinos,Tsimikas,12,4.6,32,0.0,509,0,1,3,0.2
205,Daichi,Kamada,7,5.1,32,1.0,972,0,0,3,0.1
740,Enzo,Maresca,6,1.5,31,4.5,0,0,0,0,1.6
26,Álex,Moreno Lopera,16,4.2,31,0.0,812,0,1,3,0.4
49,Tyrone,Mings,2,4.4,31,8.0,780,0,1,2,0.2
245,Issa,Diop,9,4.4,30,0.5,1258,0,0,1,0.2
167,Axel,Disasi,2,4.2,30,6.0,723,1,0,3,0.5
410,Sean,Longstaff,15,4.5,30,1.0,734,0,1,2,0.4
42,Boubacar,Kamara,2,5.0,30,1.0,1077,0,0,2,0.0
149,Mats,Wieffer,5,4.7,30,0.5,483,1,2,1,0.1
370,Christian,Eriksen,14,5.2,30,2.5,776,0,1,4,0.2
272,George,Hirst,10,5.4,30,3.0,258,2,1,0,0.0
264,Wes,Burns,10,4.8,30,0.0,922,0,1,1,0.0
746,Eddie,Howe,15,1.5,29,9.0,0,0,0,0,6.6
738,Andoni,Iraola,3,1.1,29,3.0,0,0,0,0,6.6
588,Guido,Rodríguez,19,4.8,29,0.5,1016,0,0,3,0.1
24,Benjamin,White,1,6.1,29,0.0,703,0,1,3,2.1
506,Micky,van de Ven,18,4.5,29,0.5,817,0,2,2,2.4
362,John,Stones,13,5.3,29,0.0,544,2,0,1,1.0
563,Rodrigo,Martins Gomes,20,5.1,28,0.0,560,1,0,1,0.1
95,Mathias,Jensen,4,5.3,28,0.5,728,0,1,2,0.1
544,Tommy,Doyle,20,4.7,28,1.0,474,0,1,0,0.0
86,Kristoffer,Ajer,4,4.4,28,1.5,1206,0,0,2,0.2
281,Jack,Taylor,10,4.8,27,1.0,478,1,0,0,0.0
10,Reiss,Nelson,9,5.0,27,0.0,483,1,1,1,0.0
424,Taiwo,Awoniyi,16,5.5,27,1.0,263,1,0,0,0.3
358,Stefan,Ortega Moreno,13,5.2,26,0.5,900,0,0,2,0.6
517,Aaron,Cresswell,19,3.9,26,1.0,538,0,0,2,2.1
189,Wesley,Fofana,6,4.3,26,3.5,1172,0,0,2,0.3
570,Abdul,Fatawu,11,5.1,26,0.0,576,0,2,0,0.2
188,Lesley,Ugochukwu,17,4.4,26,2.0,1022,0,1,0,0.3
147,Adam,Webster,5,4.3,26,1.5,615,0,0,3,0.1
565,Pablo,Sarabia,20,5.0,26,1.0,557,1,1,1,0.1
349,Jack,Grealish,13,6.4,26,0.0,600,0,1,1,0.2
111,Yehor,Yarmoliuk,4,4.4,26,0.5,781,0,0,0,2.3
123,Evan,Ferguson,19,5.5,25,1.0,326,1,0,1,0.3
629,Matt,O'Riley,5,5.5,25,0.0,468,1,1,2,0.0
289,Patson,Daka,11,4.8,25,2.0,450,1,0,0,0.6
359,Kalvin,Phillips,10,4.8,25,1.0,1201,0,0,1,0.1
341,Nathan,Aké,13,5.3,25,0.0,677,0,0,3,0.8
531,James,Ward-Prowse,19,6.1,25,2.0,810,0,1,3,0.5
45,Ian,Maatsen,2,4.5,24,0.0,604,0,1,0,1.2
621,João,Félix Sequeira,6,5.9,24,0.0,362,1,2,1,0.4
121,Julio,Enciso,10,5.4,24,2.0,554,0,1,2,0.1
172,Reece,James,6,4.8,24,1.0,678,1,1,0,0.9
484,Ben,Davies,18,4.3,24,0.5,720,0,0,3,0.2
486,Radu,Drăgușin,18,4.3,24,0.0,1250,0,0,2,0.2
223,James,Garner,8,4.9,24,2.0,858,0,1,2,0.0
80,Luis,Sinisterra,3,4.8,23,1.0,229,1,1,0,0.1
597,Myles,Lewis-Skelly,1,4.5,22,2.0,762,1,0,4,0.3
589,Niclas,Füllkrug,19,6.7,22,0.0,366,2,1,1,0.8
677,Ollie,Scarles,19,4.0,22,1.0,401,0,0,2,0.2
645,Justin,Devenny,7,4.5,22,1.0,311,1,0,0,0.1
216,Adam,Wharton,7,4.7,22,2.0,840,0,0,2,0.1
243,Tom,Cairney,9,4.8,22,0.5,424,1,0,1,0.0
35,Diego Carlos,Santos Silva,2,4.5,21,0.0,828,0,0,2,0.3
79,Marcos,Senesi,3,4.6,21,0.0,917,0,0,1,0.3
579,Ryan,Sessegnon,9,4.1,20,4.0,92,2,0,0,0.2
471,Will,Smallbone,17,5.0,20,3.5,549,1,0,0,0.0
770,Marshall,Munetsi,20,5.0,20,5.5,338,1,1,2,0.2
357,James,McAtee,13,4.6,20,0.0,123,2,0,0,0.1
620,Ramón,Sosa,16,5.5,20,0.0,229,1,0,1,0.1
497,Richarlison,de Andrade,18,6.8,20,0.0,275,2,1,1,0.3
301,Caleb,Okoli,11,4.0,19,0.0,1001,0,0,1,0.5
282,Axel,Tuanzebe,10,3.9,19,0.0,1095,0,1,1,1.4
299,Kasey,McAteer,11,4.7,19,0.5,388,0,1,1,0.0
501,Oliver,Skipp,11,4.7,19,0.0,770,0,0,1,0.0
84,Mark,Travers,3,4.4,19,0.0,450,0,0,1,0.1
762,Marco,Asensio,2,6.1,19,0.0,205,2,0,0,2.2
488,Fraser,Forster,18,4.3,19,0.0,630,0,0,1,0.4
628,Ferdi,Kadioglu,5,4.4,19,0.0,385,1,0,2,0.1
25,Oleksandr,Zinchenko,1,4.8,19,0.0,292,0,0,2,0.9
450,Carlos,Alcaraz Durán,8,4.9,19,1.0,323,1,1,0,0.1
193,Cheick,Doucouré,7,4.8,19,0.0,443,0,1,1,0.0
595,Brajan,Gruda,5,5.4,19,0.5,380,0,1,1,0.0
467,Ryan,Manning,17,4.3,18,1.0,968,0,1,0,0.1
516,Vladimír,Coufal,19,4.1,18,0.0,729,0,0,1,0.4
581,Filip,Jørgensen,6,4.2,18,0.0,540,0,0,1,0.8
186,Raheem,Sterling,1,6.7,17,0.0,303,0,1,1,0.8
542,Craig,Dawson,20,4.3,17,0.0,969,0,1,1,0.1
128,Igor Julio,dos Santos de Paulo,5,4.3,17,0.0,900,0,0,1,0.1
463,Adam,Lallana,17,5.0,17,0.5,352,0,2,0,0.0
275,Ben,Johnson,10,3.9,17,0.5,945,0,1,0,1.9
226,Tim,Iroegbunam,8,4.3,17,0.5,468,0,1,0,0.8
262,Nathan,Broadhead,10,4.9,17,1.0,445,0,0,1,0.0
68,James,Hill,3,3.9,16,0.5,420,0,1,1,0.6
313,Conor,Bradley,12,4.7,16,0.0,364,0,0,1,0.2
7,Jorge Luiz,Frello Filho,1,4.7,16,0.0,540,0,0,2,0.2
174,Roméo,Lavia,6,4.5,16,0.5,538,0,1,1,0.4
743,Kieran,McKenna,10,0.5,16,1.0,0,0,0,0,0.2
284,Luke,Woolfenden,10,3.9,16,1.0,1007,0,0,1,1.3
196,Nathaniel,Clyne,7,4.3,16,0.0,392,0,0,1,0.1
457,James,Bree,17,3.9,15,0.0,886,0,1,0,0.4
411,Lewis,Miley,15,5.0,15,0.0,188,1,0,0,0.0
77,Alex,Scott,3,4.7,15,0.5,371,0,0,1,0.0
263,Cameron,Burgess,10,3.8,15,0.5,945,0,1,0,2.0
322,Joe,Gomez,12,4.7,14,0.0,517,0,0,1,0.4
610,Mikey,Moore,18,4.5,14,0.0,180,0,2,0,0.2
166,Kiernan,Dewsbury-Hall,6,5.5,14,0.5,193,0,1,0,0.1
320,Endo,Wataru,12,4.6,14,1.0,137,0,0,0,0.1
732,Abdukodir,Khusanov,13,5.0,14,0.5,503,0,0,2,0.6
319,Harvey,Elliott,12,5.2,14,1.0,121,0,1,0,0.2
371,Jonny,Evans,14,4.4,14,0.0,288,0,0,1,0.1
283,Christian,Walton,10,4.3,14,0.0,540,0,0,1,0.2
8,Jakub,Kiwior,1,4.8,13,0.0,323,0,0,1,0.2
477,Nathan,Wood-Gordon,17,4.0,13,0.0,622,0,0,1,1.1
376,Victor,Lindelöf,14,4.3,13,4.0,240,0,0,1,0.1
584,Ben,Brereton Díaz,17,4.8,13,0.0,446,0,0,0,0.1
720,Emmanuel,Agbadou,20,4.0,13,2.0,600,0,0,1,0.2
612,Wilson,Odobert,18,5.3,13,1.5,348,0,0,1,0.0
363,Kyle,Walker,13,5.1,13,0.0,966,0,0,0,2.6
748,Ivan,Juric,17,0.5,12,1.0,0,0,0,0,0.1
214,Jeffrey,Schlupp,7,4.6,12,0.0,95,0,0,0,0.0
469,Alex,McCarthy,17,4.2,12,0.0,450,0,0,0,0.1
765,Nico,González,13,6.0,12,2.0,391,0,0,3,0.0
404,Lloyd,Kelly,15,4.2,12,0.0,299,0,1,0,0.1
204,Sam,Johnstone,20,4.2,12,0.0,630,0,0,0,0.3
572,Leny,Yoro,14,4.3,12,0.5,695,0,0,0,0.2
472,Jack,Stephens,17,4.0,12,0.5,804,0,0,1,0.4
288,Conor,Coady,11,4.0,12,1.5,902,0,0,0,0.3
716,Antonín,Kinsky,18,4.2,12,0.0,360,0,0,1,0.2
405,Emil,Krafth,15,4.3,11,0.0,241,0,0,1,0.1
442,Ibrahim,Sangaré,16,4.3,11,0.5,270,0,1,1,1.3
307,Jannik,Vestergaard,11,3.9,11,0.0,1390,0,0,0,1.7
767,Kevin,Danso,18,4.5,11,0.5,347,0,0,1,0.0
31,Emiliano,Buendía Stati,2,5.1,11,0.0,89,0,0,0,0.1
768,Mathys,Tel,18,6.0,10,1.5,304,0,0,2,0.2
304,Jakub,Stolarczyk,11,4.0,10,0.0,540,0,0,0,0.5
391,Miguel,Almirón Rejala,15,5.4,10,0.0,150,0,0,0,0.3
76,Philip,Billing,3,4.8,10,0.0,176,0,0,0,0.0
590,William,Osula,15,4.9,10,0.0,65,0,0,0,0.2
764,Alex,Palmer,10,4.5,9,1.5,450,0,0,0,0.1
714,Diego,Gómez,5,5.5,9,1.5,251,0,0,0,0.0
576,Andy,Irving,19,4.7,9,0.0,161,0,0,0,0.0
100,Ben,Mee,4,4.2,9,0.5,180,0,0,1,0.3
730,Romain,Esse,7,4.7,9,1.0,8,1,0,0,0.1
333,Jarell,Quansah,12,3.9,9,1.0,286,0,0,0,1.2
277,Massimo,Luongo,10,4.4,9,0.0,179,0,0,0,0.2
142,Jason,Steele,5,4.1,9,0.0,180,0,0,1,0.7
592,Julián,Araujo Zúñiga,3,4.3,8,0.0,352,0,0,0,0.1
260,Ali,Al-Hamadi,10,4.7,8,0.0,125,0,0,0,0.2
421,Callum,Wilson,15,6.9,8,1.0,156,0,0,0,0.1
254,Harrison,Reed,9,4.7,8,0.5,71,0,0,0,0.0
754,Ruud,van Nistelrooij,11,0.5,8,0.0,0,0,0,0,0.2
655,Carlos Roberto,Forbs Borges,20,5.4,8,0.0,235,0,0,0,0.0
429,Danilo,dos Santos de Oliveira,16,4.7,8,0.5,168,0,0,1,0.0
51,Robin,Olsen,2,4.5,8,7.0,180,0,0,1,0.1
59,Max,Aarons,3,4.3,8,0.0,84,0,0,1,0.1
69,Daniel,Jebbison,3,4.5,8,0.5,61,0,0,0,1.1
382,Mason,Mount,14,6.3,8,0.0,243,0,0,1,0.1
466,Joe,Lumley,17,4.0,8,0.0,270,0,0,0,0.5
365,Antony Matheus,dos Santos,14,5.7,8,0.0,135,0,0,0,0.2
674,Paris,Maghoma,4,4.5,7,0.0,105,0,0,0,0.0
696,Tyrique,George,6,4.5,7,1.0,84,0,1,0,0.0
184,Renato,Palma Veiga,6,4.4,7,0.0,176,0,0,1,0.1
73,Norberto,Murara Neto,1,4.1,7,0.0,180,0,0,0,0.7
393,Sven,Botman,15,4.4,7,0.0,225,0,0,1,0.0
179,Mykhailo,Mudryk,6,6.1,7,0.0,145,0,0,0,0.2
153,Benoît,Badiashile,6,4.2,7,1.0,332,0,0,0,0.1
526,Luis Guilherme,Lira dos Santos,19,4.6,7,0.0,50,0,0,0,0.0
234,Nathan,Patterson,8,4.4,7,0.0,124,0,0,0,0.0
397,Ryan,Fraser,17,4.8,7,0.0,303,0,0,0,0.0
632,Chiedozie,Ogbene,10,4.8,7,0.0,237,0,0,0,0.0
97,Yunus Emre,Konak,4,4.4,7,0.5,27,0,0,0,0.1
198,Odsonne,Edouard,11,5.1,7,0.0,141,0,0,0,0.2
725,Donyell,Malen,2,5.4,7,1.0,168,0,0,0,0.1
772,Willian,Borges da Silva,9,5.0,7,2.0,128,0,0,1,0.0
604,Josh,King,9,4.4,7,0.0,78,0,0,1,0.1
156,Armando,Broja,8,5.3,6,0.5,166,0,0,0,0.1
21,Kieran,Tierney,1,4.3,6,1.0,77,0,0,0,0.0
734,Albert,Grønbæk,17,4.9,6,1.5,141,0,0,0,0.0
586,Jorge,Cuenca Barreno,9,4.4,6,0.0,168,0,0,0,0.0
731,Andrés,García,2,4.5,6,0.0,266,0,0,0,0.1
613,Toby,Collyer,14,4.5,6,1.0,174,0,0,0,0.0
598,Lamare,Bogarde,2,4.0,6,0.0,473,0,0,0,0.3
500,Dane,Scarlett,18,4.4,6,0.5,31,0,1,0,0.8
50,Kosta,Nedeljković,2,3.9,5,0.0,121,0,0,0,0.6
107,Igor Thiago,Nascimento Rodrigues,4,5.9,5,0.0,129,0,0,0,0.0
425,Willy,Boly,16,4.2,5,0.0,131,0,0,0,0.1
134,James,Milner,5,5.0,5,0.0,169,0,0,1,0.0
475,Charlie,Taylor,17,3.9,5,0.0,263,0,0,0,3.8
305,Luke,Thomas,11,3.9,5,1.5,362,0,0,0,1.6
583,Conor,Townsend,10,3.9,4,0.0,136,0,0,0,0.6
137,Jakub,Moder,5,4.4,4,0.0,9,0,0,0,0.4
287,Hamza,Choudhury,11,4.4,4,0.0,129,0,0,0,1.3
757,Michael,Kayode,4,4.5,4,0.0,30,0,0,0,0.0
697,Josh,Acheampong,6,4.0,4,0.0,168,0,0,0,0.1
132,Solly,March,5,6.5,3,0.5,37,0,0,0,0.0
302,Ricardo,Barbosa Pereira,11,4.1,3,0.5,152,0,0,0,0.1
718,Welington Damascena,Santos,17,4.0,3,0.0,171,0,0,0,0.0
178,Marc,Guiu Paz,6,4.7,3,0.0,71,0,0,0,0.5
124,Billy,Gilmour,5,5.0,3,0.0,97,0,0,0,0.0
444,Harry,Toffolo,16,4.2,3,0.0,45,0,0,0,0.1
221,Séamus,Coleman,8,4.3,3,0.0,196,0,0,0,0.0
558,Yerson,Mosquera,20,3.8,3,0.0,441,0,0,0,0.8
96,Kim,Ji-soo,4,3.9,3,0.5,28,0,0,0,0.3
636,Federico,Chiesa,12,6.8,3,0.0,25,0,0,0,0.2
609,Will,Lankshear,18,4.5,3,0.0,10,0,0,0,1.1
473,Ross,Stewart,17,4.4,3,0.0,130,0,0,0,1.7
387,Luke,Shaw,14,4.9,2,0.0,68,0,0,0,0.1
776,Chido,Obi-Martin,14,4.5,2,0.5,26,0,0,0,0.2
687,Ben,Winterburn,3,4.5,2,0.0,9,0,0,0,0.0
428,Eric,da Silva Moreira,16,4.3,2,0.0,28,0,0,0,0.1
102,Frank,Onyeka,4,4.9,2,0.0,23,0,0,0,0.0
456,Armel,Bella-Kotchap,17,3.9,2,1.0,329,0,0,0,0.4
562,Daniel,Castelo Podence,20,5.5,2,0.0,46,0,0,0,0.0
109,Hákon,Valdimarsson,4,3.9,2,0.0,144,0,0,0,4.0
658,Ayden,Heaven,14,4.0,2,1.0,95,0,0,0,0.1
769,Nasser,Djiga,20,4.5,2,0.5,18,0,0,0,0.0
379,Tyrell,Malacia,14,4.4,2,0.0,99,0,0,0,0.0
381,Scott,McTominay,14,4.9,2,0.0,17,0,0,0,0.1
701,Lewis,Orford,19,4.5,2,0.0,47,0,0,0,0.0
561,Pedro,Cardoso de Lima,20,3.9,2,0.0,69,0,0,0,1.3
308,Danny,Ward,11,3.9,2,0.0,135,0,0,0,2.1
160,Ben,Chilwell,7,4.6,2,0.0,49,0,0,0,0.5
607,Nico,O'Reilly,13,4.9,2,0.0,21,0,0,0,0.0
360,Rodrigo 'Rodri',Hernandez,13,6.2,2,0.0,65,0,0,0,0.8
646,Asher,Agbinone,7,4.5,2,0.0,4,0,0,0,0.0
666,Caleb,Kporha,7,4.0,2,0.0,11,0,0,0,0.0
271,Marcus,Myers-Harness,10,4.9,2,0.0,43,0,0,0,0.0
603,Harrison,Armstrong,8,4.4,2,0.0,47,0,0,0,0.1
660,Vítezslav,Jaros,12,4.0,1,0.0,11,0,0,0,0.1
709,Jayden,Danns,12,4.5,1,0.0,10,0,0,0,0.0
269,George,Edmundson,10,4.0,1,0.0,1,0,0,0,0.1
195,Chadi,Riad Dnanou,7,4.3,1,0.0,90,0,0,0,0.0
451,Samuel,Amo-Ameyaw,17,4.4,1,0.0,26,0,0,0,0.1
266,Harry,Clarke,10,4.0,1,0.0,377,0,0,0,0.1
605,Martial,Godo,9,4.4,1,0.0,14,0,0,0,0.0
515,Maxwel,Cornet,17,4.7,1,0.0,71,0,0,0,0.0
416,Matt,Targett,15,3.9,1,0.0,12,0,0,0,0.3
496,Sergio,Reguilón,18,4.1,1,0.0,121,0,0,0,0.2
225,Mason,Holgate,8,4.0,1,0.0,5,0,0,0,0.1
537,Francisco Jorge,Tomás Oliveira,20,4.5,1,0.0,6,0,0,0,0.1
699,Alfie,Dorrington,18,4.0,1,0.0,13,0,0,0,0.0
258,Carlos Vinícius,Alves Morais,9,5.0,1,0.0,3,0,0,0,0.3
256,Jay,Stansfield,9,5.0,1,0.0,1,0,0,0,0.0
141,Jeremy,Sarmiento Morante,5,4.9,1,0.0,8,0,0,0,0.0
707,Remy,Rees-Dottin,3,4.5,1,0.0,1,0,0,0,0.1
92,Rico,Henry,4,4.3,1,0.0,3,0,0,0,0.0
728,Zain,Silcott-Duberry,3,4.5,1,0.0,1,0,0,0,0.0
643,Kaelan,Casey,19,4.0,1,0.0,1,0,0,0,0.2
781,Shumaira,Mheuka,6,4.5,1,0.0,1,0,0,0,0.0
698,Divin,Mubama,13,4.5,1,0.0,27,0,0,0,0.1
672,Jahmai,Simpson-Pusey,13,4.0,1,0.0,95,0,0,0,0.0
664,Alfie,Pond,20,3.9,1,0.0,1,0,0,0,0.8
479,Brandon,Austin,18,4.0,1,0.0,90,0,0,0,0.5
771,Mathis,Amougou,6,4.5,1,0.0,7,0,0,0,0.0
649,Jayden,Meghoma,4,4.0,1,0.0,4,0,0,0,0.0
726,Woyo,Coulibaly,11,4.0,1,0.0,107,0,0,0,0.0
460,Ronnie,Edwards,17,3.9,1,0.0,12,0,0,0,0.2
602,Ryan,Trevitt,4,4.4,1,0.0,3,0,0,0,0.0
459,Samuel,Edozie,17,4.9,1,0.0,64,0,0,0,0.0
22,Tomiyasu,Takehiro,1,4.8,1,0.0,6,0,0,0,0.0
670,Harry,Amass,14,4.0,1,0.5,21,0,0,0,0.0
606,Will,Alves,11,4.4,1,0.0,1,0,0,0,0.1
711,Wes,Okoduwa,20,4.0,0,0.0,0,0,0,0,0.0
446,Hwang,Ui-jo,16,4.5,0,0.0,0,0,0,0,0.8
555,Saša,Kalajdžić,20,4.8,0,0.0,0,0,0,0,0.0
478,Ashley,Phillips,18,4.0,0,0.0,0,0,0,0,0.2
556,Tom,King,20,4.0,0,0.0,0,0,0,0,1.3
493,Giovani,Lo Celso,18,4.9,0,0.0,0,0,0,0,0.0
448,Joe,Worrall,16,4.5,0,0.0,0,0,0,0,0.0
490,Pierre-Emile,Højbjerg,18,5.0,0,0.0,0,0,0,0,0.0
682,Tom,Edozie,20,4.5,0,0.0,0,0,0,0,0.0
483,Bryan,Gil Salvatierra,18,5.0,0,0.0,0,0,0,0,0.0
719,Joachim,Kayi-Sanda,17,4.0,0,0.0,0,0,0,0,0.0
693,Joseph,O'Brien-Whitmarsh,17,4.5,0,0.0,0,0,0,0,0.0
487,Emerson,Leite de Souza Junior,18,4.5,0,0.0,0,0,0,0,0.0
637,Bastien,Meupiyou,20,3.9,0,0.0,0,0,0,0,0.2
551,Joe,Hodge,20,4.5,0,0.0,0,0,0,0,0.2
485,Alfie,Devine,18,4.5,0,0.0,0,0,0,0,0.0
552,Ki-Jana,Hoever,20,4.0,0,0.0,0,0,0,0,0.1
522,Wes,Foderingham,19,4.3,0,0.0,0,0,0,0,0.1
706,Zach,Abbott,16,4.0,0,0.0,0,0,0,0,0.0
549,Hugo,Bueno López,20,4.5,0,0.0,0,0,0,0,0.0
529,Nayef,Aguerd,19,4.4,0,0.0,0,0,0,0,0.0
464,Juan,Larios López,17,3.9,0,0.0,0,0,0,0,0.1
519,George,Earthy,19,4.5,0,0.0,0,0,0,0,0.0
532,Kurt,Zouma,19,4.4,0,0.0,0,0,0,0,0.1
465,Mateusz,Lis,17,4.0,0,0.0,0,0,0,0,0.1
760,Dante,Cassanova,18,4.0,0,0.0,0,0,0,0,0.0
468,Sékou,Mara,17,5.0,0,0.0,0,0,0,0,0.0
729,Damola,Ajayi,18,4.5,0,0.0,0,0,0,0,0.0
686,Ezra,Mayers,19,4.0,0,0.0,0,0,0,0,0.0
717,Min-Hyeok,Yang,18,4.5,0,0.0,0,0,0,0,0.0
700,Maeson,King,18,4.0,0,0.0,0,0,0,0,0.0
458,Shea,Charles,17,4.5,0,0.0,0,0,0,0,0.0
534,Boubacar,Traoré,20,4.8,0,0.0,0,0,0,0,0.0
689,Luca,Williams-Barnett,18,4.5,0,0.0,0,0,0,0,0.0
684,Malachi,Hardy,18,4.0,0,0.0,0,0,0,0,0.0
454,Gavin,Bazunu,17,4.3,0,0.0,0,0,0,0,0.1
536,Daniel,Bentley,20,3.9,0,0.0,0,0,0,0,1.6
683,Callum,Olusesi,18,4.5,0,0.0,0,0,0,0,0.0
510,Alfie,Whiteman,18,3.9,0,0.0,0,0,0,0,1.5
507,Alejo,Véliz,18,5.0,0,0.0,0,0,0,0,0.0
538,Tawanda,Chirewa,20,4.5,0,0.0,0,0,0,0,0.0
539,Leon,Chiwome,20,4.5,0,0.0,0,0,0,0,1.3
540,Luke,Cundle,20,4.5,0,0.0,0,0,0,0,0.1
545,Fábio,Silva,20,5.0,0,0.0,0,0,0,0,0.1
441,Jonathan,Panzo,16,4.0,0,0.0,0,0,0,0,0.0
546,Nathan,Fraser,20,4.5,0,0.0,0,0,0,0,1.0
547,Enso,González,20,4.4,0,0.0,0,0,0,0,0.0
502,Manor,Solomon,18,5.4,0,0.0,0,0,0,0,0.0
721,Wayne,Hennessey,16,4.0,0,0.0,0,0,0,0,0.0
1,Fábio,Ferreira Vieira,1,5.4,0,0.0,0,0,0,0,0.0
784,Mateus,Mané,20,4.5,0,0.0,0,0,0,0,0.0
440,Andrew,Omobamidele,16,4.2,0,0.0,0,0,0,0,0.0
685,Jacob,Slater,5,4.0,0,0.0,0,0,0,0,0.0
668,Killian,Cahill,5,3.9,0,0.0,0,0,0,0,1.1
663,Imari,Samuels,5,4.0,0,0.0,0,0,0,0,0.0
615,Carl,Rushworth,5,3.9,0,0.0,0,0,0,0,0.1
601,Andrew,Moran,5,5.0,0,0.0,0,0,0,0,0.0
143,Deniz,Undav,5,5.5,0,0.0,0,0,0,0,0.0
140,Cameron,Peupion,5,4.4,0,0.0,0,0,0,0,0.1
139,Odeluga,Offiah,5,4.0,0,0.0,0,0,0,0,0.1
138,Mark,O’Mahony,5,4.5,0,0.0,0,0,0,0,0.2
133,Adrian,Mazilu,5,4.5,0,0.0,0,0,0,0,0.0
130,Kacper,Kozłowski,5,4.5,0,0.0,0,0,0,0,0.0
127,Ibrahim,Osman,5,5.0,0,0.0,0,0,0,0,0.0
125,Pascal,Groß,5,6.5,0,0.0,0,0,0,0,0.0
119,Mahmoud,Dahoud,5,4.9,0,0.0,0,0,0,0,0.0
118,Amario,Cozier-Duberry,5,4.5,0,0.0,0,0,0,0,0.0
116,Valentín,Barco,5,4.0,0,0.0,0,0,0,0,2.1
114,Benicio,Baker-Boaitey,5,4.5,0,0.0,0,0,0,0,0.0
786,Benjamin,Fredrick,4,4.0,0,0.0,0,0,0,0,0.0
780,Iwan,Morgan,4,4.5,0,0.0,0,0,0,0,0.0
759,Julian,Eyestone,4,4.0,0,0.0,0,0,0,0,0.0
681,Ruairi,McConville,5,4.0,0,0.0,0,0,0,0,0.0
758,Joe,Knight,5,4.5,0,0.0,0,0,0,0,0.0
661,Tony,Yogane,4,4.5,0,0.0,0,0,0,0,0.0
763,Eiran,Cashin,5,4.5,0,0.0,0,0,0,0,0.0
787,Genesis,Antwi,6,4.0,0,0.0,0,0,0,0,0.0
782,Ishé,Samuels-Smith,6,4.0,0,0.0,0,0,0,0,0.0
774,Aaron,Anselmino,6,4.0,0,0.0,0,0,0,0,0.0
695,Samuel,Rak-Sakyi,6,4.5,0,0.0,0,0,0,0,0.0
575,Caleb,Wiley,6,4.0,0,0.0,0,0,0,0,0.0
183,Đorđe,Petrović,6,4.4,0,0.0,0,0,0,0,0.2
176,Malang,Sarr,6,4.5,0,0.0,0,0,0,0,0.0
175,Romelu,Lukaku Bolingoli,6,6.3,0,0.0,0,0,0,0,0.2
173,Omari,Kellyman,6,4.3,0,0.0,0,0,0,0,0.1
170,Alfie,Gilchrist,6,4.0,0,0.0,0,0,0,0,0.0
169,Conor,Gallagher,6,5.9,0,0.0,0,0,0,0,0.1
165,Deivid Washington,de Souza Eugênio,6,4.9,0,0.0,0,0,0,0,0.1
164,David Datro,Fofana,6,5.4,0,0.0,0,0,0,0,0.1
161,Carney,Chukwuemeka,6,4.7,0,0.0,0,0,0,0,0.0
158,Cesare,Casadei,6,4.4,0,0.0,0,0,0,0,0.1
155,Marcus,Bettinelli,6,3.9,0,0.0,0,0,0,0,0.4
154,Lucas,Bergström,6,3.9,0,0.0,0,0,0,0,0.3
151,Ângelo Gabriel,Borges Damaceno,6,4.5,0,0.0,0,0,0,0,0.1
150,Andrey,Nascimento dos Santos,6,4.5,0,0.0,0,0,0,0,0.0
705,Benjamin,Arthur,4,4.0,0,0.0,0,0,0,0,0.0
634,Gustavo,Nunes Fernandes Gomes,4,4.9,0,0.0,0,0,0,0,0.0
439,Lewis,O'Brien,16,5.0,0,0.0,0,0,0,0,0.0
641,Oliwier,Zych,2,4.0,0,0.0,0,0,0,0,0.5
56,Lino,da Cruz Sousa,2,4.0,0,0.0,0,0,0,0,0.0
55,Viljami,Sinisalo,2,4.0,0,0.0,0,0,0,0,0.0
46,Filip,Marschall,2,4.0,0,0.0,0,0,0,0,0.0
43,Kaine,Kesler-Hayden,2,4.0,0,0.0,0,0,0,0,0.0
41,Samuel,Iling-Junior,2,5.4,0,0.0,0,0,0,0,0.0
40,Kortney,Hause,2,3.9,0,0.0,0,0,0,0,0.6
39,Joe,Gauci,2,4.0,0,0.0,0,0,0,0,0.6
37,Lewis,Dobbin,2,5.0,0,0.0,0,0,0,0,0.0
34,Moussa,Diaby,2,6.5,0,0.0,0,0,0,0,0.0
33,Leander,Dendoncker,2,4.5,0,0.0,0,0,0,0,0.2
30,Enzo,Barrenechea,2,4.9,0,0.0,0,0,0,0,0.0
756,Jack,Porter,1,4.0,0,0.0,0,0,0,0,0.0
665,Nathan,Butler-Oyedeji,1,4.5,0,0.0,0,0,0,0,0.2
662,Josh,Nichols,1,4.0,0,0.0,0,0,0,0,0.1
659,Ismeal,Kabia,1,4.5,0,0.0,0,0,0,0,0.0
657,Maldini,Kacurri,1,4.0,0,0.0,0,0,0,0,0.1
639,Tommy,Setford,1,4.5,0,0.0,0,0,0,0,0.1
638,Salah-Eddine,Oulad M'hand,1,4.5,0,0.0,0,0,0,0,0.0
5,Karl,Hein,1,4.0,0,0.0,0,0,0,0,0.0
640,Sil,Swinkels,2,4.0,0,0.0,0,0,0,0,0.1
656,Kadan,Young,2,4.4,0,0.0,0,0,0,0,0.2
112,Mathias,Jorgensen,4,4.5,0,0.0,0,0,0,0,0.0
679,Ben,Broggio,2,4.5,0,0.0,0,0,0,0,0.0
108,Ivan,Toney,4,7.3,0,0.0,0,0,0,0,1.1
103,Myles,Peart-Harris,4,4.5,0,0.0,0,0,0,0,0.0
93,Aaron,Hickey,4,4.3,0,0.0,0,0,0,0,0.0
90,Josh,Dasilva,4,4.8,0,0.0,0,0,0,0,0.0
87,Ethan,Brierley,4,4.4,0,0.0,0,0,0,0,0.1
727,Callan,McKenna,3,4.0,0,0.0,0,0,0,0,0.0
723,Dominic,Sadi,3,4.5,0,0.0,0,0,0,0,0.0
722,Daniel,Adu-Adjei,3,4.5,0,0.0,0,0,0,0,0.0
713,Julio,Soler,3,3.9,0,0.0,0,0,0,0,0.0
712,Matai,Akinmboni,3,4.0,0,0.0,0,0,0,0,0.0
702,Archie,Harris,3,4.0,0,0.0,0,0,0,0,0.0
680,Max,Kinsey,3,4.0,0,0.0,0,0,0,0,0.0
599,Will,Dennis,3,3.9,0,0.0,0,0,0,0,0.3
75,Alex,Paulsen,3,4.0,0,0.0,0,0,0,0,0.0
72,Chris,Mepham,3,4.4,0,0.0,0,0,0,0,0.0
67,Hamed,Traorè,3,4.5,0,0.0,0,0,0,0,0.0
66,Romain,Faivre,3,5.0,0,0.0,0,0,0,0,0.0
61,Jaidon,Anthony,3,4.5,0,0.0,0,0,0,0,0.1
710,Jamaldeen,Jimoh,2,4.5,0,0.0,0,0,0,0,0.0
190,Naouirou,Ahamada,7,4.5,0,0.0,0,0,0,0,0.1
197,Malcolm,Ebiowei,7,4.5,0,0.0,0,0,0,0,0.0
202,Rob,Holding,7,4.2,0,0.0,0,0,0,0,0.1
208,Matheus,França de Oliveira,7,4.4,0,0.0,0,0,0,0,0.2
673,Jayce,Fitzgerald,14,4.5,0,0.0,0,0,0,0,0.0
667,Jack,Fletcher,14,4.5,0,0.0,0,0,0,0,0.0
648,Ethan,Wheatley,14,4.5,0,0.0,0,0,0,0,1.1
384,Facundo,Pellistri Rebollo,14,5.0,0,0.0,0,0,0,0,0.0
374,Tom,Heaton,14,3.9,0,0.0,0,0,0,0,0.2
373,Hannibal,Mejbri,14,4.5,0,0.0,0,0,0,0,0.0
367,Altay,Bayindir,14,4.3,0,0.0,0,0,0,0,0.1
785,Claudio,Echeverri,13,6.0,0,0.0,0,0,0,0,0.0
733,Vitor,de Oliveira Nunes dos Reis,13,4.5,0,0.0,0,0,0,0,0.0
704,Spike,Brits,13,4.0,0,0.0,0,0,0,0,0.0
703,Max,Alleyne,13,4.0,0,0.0,0,0,0,0,0.0
675,Josh,Wilson-Esbrand,13,4.0,0,0.0,0,0,0,0,0.0
671,Jacob,Wright,13,4.5,0,0.0,0,0,0,0,0.0
626,Issa,Kaboré,13,4.5,0,0.0,0,0,0,0,0.0
353,João,Cavaco Cancelo,13,5.3,0,0.0,0,0,0,0,0.2
352,Julián,Álvarez,13,7.0,0,0.0,0,0,0,0,0.1
344,Scott,Carson,13,3.9,0,0.0,0,0,0,0,0.2
343,Oscar,Bobb,13,4.7,0,0.0,0,0,0,0,0.1
692,Amara,Nallo,12,4.0,0,0.0,0,0,0,0,0.0
691,Godwill,Kukonki,14,4.0,0,0.0,0,0,0,0,0.0
761,Elyh,Harrison,14,4.0,0,0.0,0,0,0,0,0.0
777,Tyler,Fredricson,14,4.0,0,0.0,0,0,0,0,0.0
414,John,Ruddy,15,3.9,0,0.0,0,0,0,0,0.3
438,Omar,Richards,16,4.5,0,0.0,0,0,0,0,0.0
435,Alex,Mighten,16,4.5,0,0.0,0,0,0,0,0.0
430,Emmanuel,Dennis,16,4.9,0,0.0,0,0,0,0,0.2
427,Carlos Miguel,dos Santos Pereira,16,4.1,0,0.0,0,0,0,0,0.1
426,Josh,Bowler,16,4.5,0,0.0,0,0,0,0,0.0
789,Sean,Neave,15,4.5,0,0.0,0,0,0,0,0.0
574,Miodrag,Pivaš,15,4.0,0,0.0,0,0,0,0,0.1
419,Joe,White,15,4.5,0,0.0,0,0,0,0,0.1
412,Odysseas,Vlachodimos,15,4.2,0,0.0,0,0,0,0,0.1
778,Jack,Moorhouse,14,4.5,0,0.0,0,0,0,0,0.0
408,Jamal,Lewis,15,4.0,0,0.0,0,0,0,0,0.1
407,Jamaal,Lascelles,15,4.5,0,0.0,0,0,0,0,0.0
406,Garang,Kuol,15,4.4,0,0.0,0,0,0,0,0.1
400,Isaac,Hayden,15,4.4,0,0.0,0,0,0,0,0.1
390,Alex,Murphy,15,4.0,0,0.0,0,0,0,0,0.5
788,Dermot,Mee,14,4.0,0,0.0,0,0,0,0,0.0
783,Hubert,Graczyk,14,4.0,0,0.0,0,0,0,0,0.0
779,Sékou,Koné,14,4.5,0,0.0,0,0,0,0,0.0
688,Treymaurice,Nyoni,12,4.5,0,0.0,0,0,0,0,0.0
669,Harvey,Davies,12,4.0,0,0.0,0,0,0,0,0.0
334,Rhys,Williams,12,4.0,0,0.0,0,0,0,0,0.0
332,Nathaniel,Phillips,12,4.0,0,0.0,0,0,0,0,0.1
242,Steven,Benda,9,3.9,0,0.0,0,0,0,0,0.4
775,Coby,Ebere,8,4.5,0,0.0,0,0,0,0,0.0
773,Isaac,Heath,8,4.5,0,0.0,0,0,0,0,0.0
724,Martin,Sherif,8,4.5,0,0.0,0,0,0,0,0.1
678,Callum,Bates,8,4.5,0,0.0,0,0,0,0,0.0
627,Roman,Dixon,8,4.0,0,0.0,90,0,0,0,0.1
624,Asmir,Begovic,8,4.0,0,0.0,0,0,0,0,0.2
614,Jenson,Metcalfe,8,4.5,0,0.0,0,0,0,0,0.0
237,Youssef,Ramalho Chermiti,8,4.9,0,0.0,11,0,0,0,0.0
229,Neal,Maupay,8,4.9,0,0.0,0,0,0,0,0.2
227,João,Neves Virgínia,8,3.9,0,0.0,0,0,0,0,0.6
676,Zach,Marsh,7,4.5,0,0.0,0,0,0,0,0.3
647,Kaden,Rodney,7,4.5,0,0.0,0,0,0,0,0.0
644,Franco,Umeh-Chibueze,7,4.4,0,0.0,0,0,0,0,0.0
445,Matt,Turner,7,3.9,0,0.0,0,0,0,0,8.7
215,Joel,Ward,7,4.3,0,0.0,0,0,0,0,0.1
213,Jesurun,Rak-Sakyi,7,4.5,0,0.0,0,0,0,0,0.0
212,David,Ozoh,7,4.5,0,0.0,0,0,0,0,0.0
209,Remi,Matthews,7,3.9,0,0.0,0,0,0,0,0.5
246,Luke,Harris,9,4.5,0,0.0,0,0,0,0,0.0
250,Kevin,Mbabu,9,4.0,0,0.0,0,0,0,0,0.1
297,Wanya,Marçal-Madivádua,11,4.5,0,0.0,0,0,0,0,0.0
331,Tyler,Morton,12,4.4,0,0.0,0,0,0,0,0.1
318,Ben,Doak,12,4.5,0,0.0,0,0,0,0,0.0
315,Bobby,Clark,12,4.5,0,0.0,0,0,0,0,0.0
312,Stefan,Bajčetić Maquieira,12,4.5,0,0.0,0,0,0,0,0.0
708,Thomas,Wilson-Brown,11,4.0,0,0.0,0,0,0,0,0.0
694,Henry,Cartwright,11,4.5,0,0.0,0,0,0,0,0.0
616,Ben,Nelson,11,4.0,0,0.0,0,0,0,0,0.0
303,Harry,Souttar,11,4.0,0,0.0,0,0,0,0,0.0
253,Tim,Ream,9,4.5,0,0.0,0,0,0,0,0.0
294,Daniel,Iversen,11,3.9,0,0.0,0,0,0,0,0.8
292,Michael,Golding,11,4.4,0,0.0,0,0,0,0,0.2
286,Tom,Cannon,11,4.5,0,0.0,0,0,0,0,0.3
280,Cieran,Slicker,10,3.9,0,0.0,0,0,0,0,0.6
279,Corrie,Ndaba,10,4.0,0,0.0,0,0,0,0,0.0
276,Freddie,Ladapo,10,4.5,0,0.0,0,0,0,0,0.4
273,Cameron,Humphreys,10,4.5,0,0.0,0,0,0,0,0.0
261,Elkan,Baggott,10,4.0,0,0.0,0,0,0,0,0.0
690,Samuel,Amissah,9,4.0,0,0.0,0,0,0,0,0.0
330,James,McConnell,12,4.4,0,0.0,0,0,0,0,0.1
766,Patrick,Dorgu,14,4.5,-1,0.0,222,0,0,0,0.2
715,Ben,Godfrey,10,4.0,-1,0.0,108,0,0,0,0.0
